{
  "version": 1,
  "author": "Ghina Nurul",
  "editor": "wokwi",
  "parts": [
    { "type": "wokwi-esp32-devkit-v1", "id": "esp", "top": 0, "left": 0, "attrs": {} },
    {
      "type": "wokwi-led",
      "id": "led1",
      "top": -141.2,
      "left": -238.67,
      "attrs": { "color": "red" }
    },
    {
      "type": "wokwi-led",
      "id": "led2",
      "top": -64.2,
      "left": -237.67,
      "attrs": { "color": "yellow" }
    },
    {
      "type": "wokwi-led",
      "id": "led3",
      "top": 30.13,
      "left": -232.67,
      "attrs": { "color": "limegreen" }
    },
    {
      "type": "wokwi-resistor",
      "id": "r1",
      "top": -108.2,
      "left": -187.67,
      "attrs": { "value": "220" }
    },
    {
      "type": "wokwi-resistor",
      "id": "r2",
      "top": -32.54,
      "left": -186.01,
      "attrs": { "value": "220" }
    },
    {
      "type": "wokwi-resistor",
      "id": "r3",
      "top": 61.13,
      "left": -191.01,
      "attrs": { "value": "220" }
    },
    { "type": "wokwi-hc-sr04", "id": "ultrasonic1", "top": -94.5, "left": 130.3, "attrs": {} }
  ],
  "connections": [
    [ "esp:TX0", "$serialMonitor:RX", "", [] ],
    [ "esp:RX0", "$serialMonitor:TX", "", [] ],
    [ "esp:GND.2", "led3:C", "black", [ "h0" ] ],
    [ "led3:C", "led2:C", "black", [ "v3.07", "h-17", "v-97.33" ] ],
    [ "led2:C", "led1:C", "black", [ "v0.07", "h-11.33", "v-78" ] ],
    [ "led1:A", "r1:1", "orange", [ "v0" ] ],
    [ "led2:A", "r2:1", "orange", [ "v0" ] ],
    [ "led3:A", "r3:1", "orange", [ "v0" ] ],
    [ "r3:2", "esp:D13", "orange", [ "v0" ] ],
    [ "r2:2", "esp:D12", "orange", [ "v0.07", "h9.34", "v151.33" ] ],
    [ "r1:2", "esp:D14", "orange", [ "v0.4", "h22.34", "v218.67", "h115.33" ] ],
    [ "ultrasonic1:GND", "esp:GND.1", "black", [ "v0" ] ],
    [ "ultrasonic1:VCC", "esp:3V3", "red", [ "v0" ] ],
    [ "ultrasonic1:ECHO", "esp:D15", "blue", [ "v0" ] ],
    [ "ultrasonic1:TRIG", "esp:D4", "white", [ "v0" ] ]
  ],
  "dependencies": {}
}